Model,Accuracy,Precision,Recall,F1-score
cnn,0.014,0.002798313613491092,0.014,0.0033409833429020788
mobilenet,0.01,0.0001,0.01,0.00019801980198019803
